Trigger Date,Ticker,Strategy,Entry Price,Target,Stop Loss,Current/Exit,P&L (%),Status,Days Held,High_Conviction,Institutional_Details
2026-07-03,DPEL,BB Squeeze Breakout,515.6,569.71,484.68,534.85,3.73,Active,1,True,"MANISH GARG bought 131,000 shares @ ₹451.55 | NEPTUNE FABRICS PRIVATE LIMITED bought 130,000 shares @ ₹451.55"
2026-07-03,BAJAJFINSV,EMA Crossover (20/50),1895.6,2037.4,1814.57,1870.7,-1.31,Active,1,False,No recent bulk deals
2026-05-11,SHAKTIPUMP,EMA Crossover (20/50),555.6,640.44,507.12,507.12,-8.73,Stop Loss Hit,4,False,No recent bulk deals
2026-06-15,SHAKTIPUMP,BB Squeeze Breakout,546.3,614.63,507.25,614.63,12.51,Target Hit,15,False,No recent bulk deals
2026-06-23,SHAKTIPUMP,EMA Crossover (20/50),567.45,634.8,528.96,599.55,5.66,Active,9,False,No recent bulk deals
2026-06-24,SHAKTIPUMP,EMA Crossover (20/50),591.1,661.24,551.02,599.55,1.43,Active,8,False,No recent bulk deals
2026-06-25,SHAKTIPUMP,EMA Crossover (20/50),580.9,652.78,539.82,599.55,3.21,Active,7,False,No recent bulk deals
2026-06-09,PNB,BB Squeeze Breakout,106.55,115.56,101.4,104.29,-2.12,Active,19,False,No recent bulk deals
2026-06-23,PNB,EMA Crossover (20/50),107.43,115.69,102.71,104.29,-2.92,Active,9,False,No recent bulk deals
2026-06-24,PNB,EMA Crossover (20/50),107.71,115.81,103.08,104.29,-3.18,Active,8,False,No recent bulk deals
2026-06-25,PNB,EMA Crossover (20/50),107.87,115.75,103.37,104.29,-3.32,Active,7,False,No recent bulk deals
2026-05-11,CIPLA,EMA Crossover (20/50),1292.77,1389.84,1237.3,1389.84,7.51,Target Hit,3,False,No recent bulk deals
2026-05-11,SOLARWORLD,BB Squeeze Breakout,219.69,256.24,198.81,198.81,-9.51,Stop Loss Hit,5,False,No recent bulk deals
2026-07-03,SOLARWORLD,BB Squeeze Breakout,209.51,237.88,193.3,209.41,-0.05,Active,1,True,"NK SECURITIES RESEARCH PRIVATE LIMITED bought 461,557 shares @ ₹208.95"
2026-07-01,NESTLEIND,BB Squeeze Breakout,1453.8,1561.61,1392.2,1473.7,1.37,Active,3,False,No recent bulk deals
2026-06-15,CHOLAFIN,BB Squeeze Breakout,1653.6,1849.1,1541.89,1849.1,11.82,Target Hit,15,False,No recent bulk deals
2026-06-18,CHOLAFIN,EMA Crossover (20/50),1688.9,1865.16,1588.18,1850.5,9.57,Active,12,False,No recent bulk deals
2026-06-19,CHOLAFIN,EMA Crossover (20/50),1693.4,1863.97,1595.93,1850.5,9.28,Active,11,False,No recent bulk deals
2026-06-22,CHOLAFIN,EMA Crossover (20/50),1718.8,1884.91,1623.88,1850.5,7.66,Active,10,False,No recent bulk deals
2026-07-02,BRITANNIA,BB Squeeze Breakout,5374.0,5694.03,5191.12,5454.5,1.5,Active,2,False,No recent bulk deals
2026-06-10,MOTISONS,BB Squeeze Breakout,12.29,14.23,11.18,14.23,15.75,Target Hit,2,False,No recent bulk deals
2026-06-17,MOTISONS,EMA Crossover (20/50),14.36,17.52,12.55,15.0,4.46,Active,13,False,No recent bulk deals
2026-06-18,MOTISONS,EMA Crossover (20/50),14.16,17.21,12.42,15.0,5.93,Active,12,False,No recent bulk deals
2026-06-19,MOTISONS,EMA Crossover (20/50),14.33,17.39,12.58,15.0,4.68,Active,11,False,No recent bulk deals
2026-06-25,M&M,BB Squeeze Breakout,3149.13,3421.59,2993.44,3201.2,1.65,Active,7,False,No recent bulk deals
2026-05-14,ADANIENT,BB Squeeze Breakout,2711.69,3021.04,2534.91,3021.04,11.41,Target Hit,9,False,No recent bulk deals
2026-06-08,SHIVAUM,EMA Crossover (20/50),334.0,356.04,321.41,356.04,6.6,Target Hit,4,False,No recent bulk deals
2026-06-09,SHIVAUM,EMA Crossover (20/50),355.75,381.65,340.95,340.95,-4.16,Stop Loss Hit,3,False,No recent bulk deals
2026-06-09,SHIVAUM,BB Squeeze Breakout,355.75,381.65,340.95,340.95,-4.16,Stop Loss Hit,3,False,No recent bulk deals
2026-06-10,SHIVAUM,EMA Crossover (20/50),355.75,379.8,342.01,342.01,-3.86,Stop Loss Hit,2,False,No recent bulk deals
2026-06-02,HCLTECH,BB Squeeze Breakout,1243.5,1343.22,1186.52,1186.52,-4.58,Stop Loss Hit,1,False,No recent bulk deals
2026-06-24,DRREDDY,EMA Crossover (20/50),1328.4,1421.63,1275.13,1367.9,2.97,Active,8,False,No recent bulk deals
2026-06-24,DRREDDY,BB Squeeze Breakout,1328.4,1421.63,1275.13,1367.9,2.97,Active,8,False,No recent bulk deals
2026-06-25,DRREDDY,EMA Crossover (20/50),1350.5,1445.72,1296.09,1367.9,1.29,Active,7,False,No recent bulk deals
2026-06-26,DRREDDY,EMA Crossover (20/50),1350.5,1438.92,1299.98,1367.9,1.29,Active,6,False,No recent bulk deals
2026-06-22,DENTA,EMA Crossover (20/50),324.9,374.02,296.83,346.8,6.74,Active,10,False,No recent bulk deals
2026-06-23,DENTA,EMA Crossover (20/50),337.7,390.56,307.49,346.8,2.69,Active,9,False,No recent bulk deals
2026-06-24,DENTA,EMA Crossover (20/50),315.9,371.6,284.07,346.8,9.78,Active,8,False,No recent bulk deals
2026-07-01,DABUR,BB Squeeze Breakout,444.75,476.47,426.63,449.75,1.12,Active,3,False,No recent bulk deals
2026-05-22,GSPCROP,BB Squeeze Breakout,445.4,513.35,406.57,436.85,-1.92,Time Exit,20,False,No recent bulk deals
2026-06-15,GSPCROP,BB Squeeze Breakout,456.6,525.75,417.09,417.09,-8.65,Stop Loss Hit,8,False,No recent bulk deals
2026-05-11,FAIRCHEMOR,EMA Crossover (20/50),605.85,693.19,555.94,595.05,-1.78,Time Exit,20,False,No recent bulk deals
2026-06-11,ICICIBANK,BB Squeeze Breakout,1317.0,1410.16,1263.77,1410.16,7.07,Target Hit,16,False,No recent bulk deals
2026-06-17,ICICIBANK,EMA Crossover (20/50),1336.8,1425.29,1286.23,1425.29,6.62,Target Hit,13,False,No recent bulk deals
2026-06-18,ICICIBANK,EMA Crossover (20/50),1342.3,1428.34,1293.13,1428.34,6.41,Target Hit,12,False,No recent bulk deals
2026-06-19,ICICIBANK,EMA Crossover (20/50),1346.5,1431.47,1297.94,1431.47,6.31,Target Hit,11,False,No recent bulk deals
2026-06-15,MARUTI,BB Squeeze Breakout,13805.0,14870.9,13195.91,14456.0,4.72,Active,15,False,No recent bulk deals
2026-06-26,MARUTI,EMA Crossover (20/50),13745.0,14713.14,13191.78,14456.0,5.17,Active,6,False,No recent bulk deals
2026-06-29,MARUTI,EMA Crossover (20/50),13412.0,14428.24,12831.29,14428.24,7.58,Target Hit,2,False,No recent bulk deals
2026-06-30,MARUTI,EMA Crossover (20/50),14115.0,15255.9,13463.06,14456.0,2.42,Active,4,False,No recent bulk deals
2026-06-09,SBIN,BB Squeeze Breakout,1002.7,1081.24,957.82,1037.7,3.49,Active,19,False,No recent bulk deals
2026-06-25,SBIN,EMA Crossover (20/50),1045.4,1114.69,1005.8,1037.7,-0.74,Active,7,False,No recent bulk deals
2026-06-26,SBIN,EMA Crossover (20/50),1045.4,1109.74,1008.63,1037.7,-0.74,Active,6,False,No recent bulk deals
2026-06-29,SBIN,EMA Crossover (20/50),1036.1,1099.74,999.74,1037.7,0.15,Active,5,False,No recent bulk deals
2026-06-09,APOLLOHOSP,BB Squeeze Breakout,8524.0,9111.97,8188.01,8888.5,4.28,Active,19,False,No recent bulk deals
2026-06-29,EMPOWER,BB Squeeze Breakout,2.37,2.63,2.22,2.36,-0.42,Active,6,False,No recent bulk deals
2026-06-10,PATELRMART,EMA Crossover (20/50),205.92,244.63,183.8,244.63,18.8,Target Hit,18,False,No recent bulk deals
2026-06-11,PATELRMART,EMA Crossover (20/50),208.82,248.36,186.23,239.26,14.58,Active,17,False,No recent bulk deals
2026-06-12,PATELRMART,EMA Crossover (20/50),217.43,257.23,194.68,239.26,10.04,Active,16,False,No recent bulk deals
2026-05-18,POLICYBZR,BB Squeeze Breakout,1748.3,1951.78,1632.02,1632.02,-6.65,Stop Loss Hit,11,False,No recent bulk deals
2026-07-01,POLICYBZR,EMA Crossover (20/50),1684.2,1861.29,1583.01,1583.01,-6.01,Stop Loss Hit,2,False,No recent bulk deals
2026-07-02,POLICYBZR,EMA Crossover (20/50),1682.1,1855.99,1582.73,1582.73,-5.91,Stop Loss Hit,1,False,No recent bulk deals
2026-07-03,POLICYBZR,EMA Crossover (20/50),1591.2,1786.82,1479.42,1580.7,-0.66,Active,1,False,No recent bulk deals
2026-05-11,EICHERMOT,EMA Crossover (20/50),7202.5,7836.06,6840.47,6840.47,-5.03,Stop Loss Hit,5,False,No recent bulk deals
2026-05-12,EICHERMOT,EMA Crossover (20/50),7126.0,7756.93,6765.47,6765.47,-5.06,Stop Loss Hit,6,False,No recent bulk deals
2026-05-13,EICHERMOT,EMA Crossover (20/50),6971.5,7630.86,6594.72,7219.5,3.56,Time Exit,20,False,No recent bulk deals
2026-05-28,EICHERMOT,EMA Crossover (20/50),7419.0,8008.44,7082.18,7082.18,-4.54,Stop Loss Hit,2,False,No recent bulk deals
2026-05-29,EICHERMOT,EMA Crossover (20/50),7177.0,7801.59,6820.09,7598.0,5.87,Time Exit,20,False,No recent bulk deals
2026-06-01,EICHERMOT,EMA Crossover (20/50),7100.5,7723.23,6744.66,7723.23,8.77,Target Hit,18,False,No recent bulk deals
2026-06-12,EICHERMOT,EMA Crossover (20/50),7312.0,7900.2,6975.89,6975.89,-4.6,Stop Loss Hit,12,False,No recent bulk deals
2026-06-15,EICHERMOT,EMA Crossover (20/50),7624.5,8261.81,7260.32,7260.32,-4.78,Stop Loss Hit,11,False,No recent bulk deals
2026-06-16,EICHERMOT,EMA Crossover (20/50),7560.5,8183.66,7204.41,7204.41,-4.71,Stop Loss Hit,10,False,No recent bulk deals
2026-05-11,SRF,EMA Crossover (20/50),2798.5,3084.77,2634.92,2634.92,-5.85,Stop Loss Hit,5,False,No recent bulk deals
2026-05-12,SRF,EMA Crossover (20/50),2721.2,3008.5,2557.03,2689.6,-1.16,Time Exit,20,False,No recent bulk deals
2026-05-13,SRF,EMA Crossover (20/50),2695.2,2978.85,2533.11,2734.1,1.44,Time Exit,20,False,No recent bulk deals
2026-06-18,CANTABIL,BB Squeeze Breakout,229.25,254.0,215.11,254.0,10.79,Target Hit,10,False,No recent bulk deals
2026-07-02,CANTABIL,EMA Crossover (20/50),269.36,301.52,250.98,266.73,-0.98,Active,2,False,No recent bulk deals
2026-07-03,CANTABIL,EMA Crossover (20/50),263.9,297.48,244.71,266.73,1.07,Active,1,False,No recent bulk deals
2026-06-01,COALINDIA,BB Squeeze Breakout,472.6,519.85,445.6,445.6,-5.71,Stop Loss Hit,8,False,No recent bulk deals
2026-06-15,SHRIRAMFIN,BB Squeeze Breakout,995.02,1102.07,933.85,1062.3,6.76,Active,15,False,No recent bulk deals
2026-06-22,SHRIRAMFIN,EMA Crossover (20/50),987.27,1080.33,934.08,1080.33,9.43,Target Hit,9,False,No recent bulk deals
2026-06-23,SHRIRAMFIN,EMA Crossover (20/50),987.76,1079.95,935.08,1079.95,9.33,Target Hit,8,False,No recent bulk deals
2026-06-24,SHRIRAMFIN,EMA Crossover (20/50),1013.27,1111.0,957.42,1062.3,4.84,Active,8,False,No recent bulk deals
2026-05-11,BANG,EMA Crossover (20/50),39.02,46.59,34.69,37.21,-4.64,Time Exit,20,False,No recent bulk deals
2026-05-12,BANG,EMA Crossover (20/50),38.04,45.82,33.6,39.06,2.68,Time Exit,20,False,No recent bulk deals
2026-06-17,DMART,BB Squeeze Breakout,4287.5,4662.34,4073.31,4073.31,-5.0,Stop Loss Hit,12,False,No recent bulk deals
2026-06-23,DMART,EMA Crossover (20/50),4392.9,4744.39,4192.05,4192.05,-4.57,Stop Loss Hit,7,False,No recent bulk deals
2026-06-24,DMART,EMA Crossover (20/50),4336.0,4693.74,4131.58,4131.58,-4.71,Stop Loss Hit,7,False,No recent bulk deals
2026-06-25,DMART,EMA Crossover (20/50),4294.6,4646.63,4093.44,4093.44,-4.68,Stop Loss Hit,6,False,No recent bulk deals
2026-05-11,MUNJALAU,BB Squeeze Breakout,93.65,105.57,86.84,86.84,-7.27,Stop Loss Hit,5,False,No recent bulk deals
2026-07-01,MUNJALAU,BB Squeeze Breakout,102.09,117.79,93.12,110.39,8.13,Active,3,False,No recent bulk deals
2026-06-02,TCS,BB Squeeze Breakout,2446.9,2658.34,2326.08,2326.08,-4.94,Stop Loss Hit,1,False,No recent bulk deals
2026-05-14,MADHUSUDAN,BB Squeeze Breakout,170.5,191.39,158.56,158.56,-7.0,Stop Loss Hit,2,False,No recent bulk deals
2026-06-19,MADHUSUDAN,EMA Crossover (20/50),177.75,208.33,160.27,208.33,17.21,Target Hit,4,False,No recent bulk deals
2026-06-22,MADHUSUDAN,EMA Crossover (20/50),204.85,240.65,184.39,240.65,17.47,Target Hit,10,False,No recent bulk deals
2026-06-23,MADHUSUDAN,EMA Crossover (20/50),192.65,230.75,170.88,230.75,19.78,Target Hit,4,False,No recent bulk deals
2026-05-28,SHREECEM,EMA Crossover (20/50),25400.0,27204.37,24368.93,24368.93,-4.06,Stop Loss Hit,6,False,No recent bulk deals
2026-05-29,SHREECEM,EMA Crossover (20/50),25275.0,27087.99,24239.01,24239.01,-4.1,Stop Loss Hit,5,False,No recent bulk deals
2026-06-01,SHREECEM,EMA Crossover (20/50),25060.0,26824.74,24051.58,24051.58,-4.02,Stop Loss Hit,4,False,No recent bulk deals
2026-06-24,SHREECEM,EMA Crossover (20/50),26070.0,28129.77,24892.99,26630.0,2.15,Active,8,False,No recent bulk deals
2026-06-25,SHREECEM,EMA Crossover (20/50),25735.0,27816.39,24545.63,26630.0,3.48,Active,7,False,No recent bulk deals
2026-06-26,SHREECEM,EMA Crossover (20/50),25735.0,27667.72,24630.59,26630.0,3.48,Active,6,False,No recent bulk deals
2026-05-13,TATASTEEL,BB Squeeze Breakout,215.18,231.54,205.83,205.83,-4.34,Stop Loss Hit,3,False,No recent bulk deals
2026-06-17,TRENT,BB Squeeze Breakout,3102.8,3430.59,2915.49,3343.8,7.77,Active,13,False,No recent bulk deals
2026-06-18,INDOFARM,BB Squeeze Breakout,140.67,162.38,128.27,162.38,15.43,Target Hit,11,False,No recent bulk deals
2026-06-23,INDOFARM,EMA Crossover (20/50),146.64,172.54,131.84,172.54,17.66,Target Hit,9,False,No recent bulk deals
2026-06-24,INDOFARM,EMA Crossover (20/50),147.23,172.45,132.82,172.45,17.13,Target Hit,8,False,No recent bulk deals
2026-06-25,INDOFARM,EMA Crossover (20/50),144.69,169.91,130.28,169.91,17.43,Target Hit,7,False,No recent bulk deals
2026-06-22,CANBK,EMA Crossover (20/50),134.82,146.66,128.06,128.06,-5.02,Stop Loss Hit,3,False,No recent bulk deals
2026-06-23,CANBK,EMA Crossover (20/50),130.37,142.71,123.32,126.46,-3.0,Active,9,False,No recent bulk deals
2026-06-24,CANBK,EMA Crossover (20/50),130.15,142.1,123.32,126.46,-2.84,Active,8,False,No recent bulk deals
2026-06-02,SAKSOFT,EMA Crossover (20/50),147.63,173.89,132.62,173.89,17.79,Target Hit,19,False,No recent bulk deals
2026-06-03,SAKSOFT,EMA Crossover (20/50),145.37,171.08,130.68,171.08,17.69,Target Hit,18,False,No recent bulk deals
2026-06-04,SAKSOFT,EMA Crossover (20/50),142.15,166.91,128.0,166.91,17.42,Target Hit,17,False,No recent bulk deals
2026-06-25,SAKSOFT,EMA Crossover (20/50),160.45,183.78,147.12,183.78,14.54,Target Hit,2,False,No recent bulk deals
2026-06-25,SAKSOFT,BB Squeeze Breakout,160.45,183.78,147.12,183.78,14.54,Target Hit,2,False,No recent bulk deals
2026-06-26,SAKSOFT,EMA Crossover (20/50),160.45,182.11,148.07,182.11,13.5,Target Hit,1,False,No recent bulk deals
2026-06-29,SAKSOFT,EMA Crossover (20/50),183.77,211.24,168.07,211.24,14.95,Target Hit,1,False,No recent bulk deals
2026-07-01,RITES,EMA Crossover (20/50),233.19,260.03,217.86,217.86,-6.58,Stop Loss Hit,2,True,"JUMP TRADING FINANCIAL INDIA PRIVATE LIMITED bought 3,248,982 shares @ ₹230.86 | MICROCURVES TRADING PRIVATE LIMITED bought 3,285,568 shares @ ₹231.17 | NK SECURITIES RESEARCH PRIVATE LIMITED bought 3,339,294 shares @ ₹229.58 | QE SECURITIES LLP bought 4,530,603 shares @ ₹229.68"
2026-07-02,RITES,EMA Crossover (20/50),224.93,252.22,209.33,216.15,-3.9,Active,2,True,"JUMP TRADING FINANCIAL INDIA PRIVATE LIMITED bought 3,248,982 shares @ ₹230.86 | MICROCURVES TRADING PRIVATE LIMITED bought 3,285,568 shares @ ₹231.17 | NK SECURITIES RESEARCH PRIVATE LIMITED bought 3,339,294 shares @ ₹229.58 | QE SECURITIES LLP bought 4,530,603 shares @ ₹229.68"
2026-07-03,RITES,EMA Crossover (20/50),218.17,245.42,202.6,216.15,-0.93,Active,1,True,"JUMP TRADING FINANCIAL INDIA PRIVATE LIMITED bought 3,248,982 shares @ ₹230.86 | MICROCURVES TRADING PRIVATE LIMITED bought 3,285,568 shares @ ₹231.17 | NK SECURITIES RESEARCH PRIVATE LIMITED bought 3,339,294 shares @ ₹229.58 | QE SECURITIES LLP bought 4,530,603 shares @ ₹229.68"
2026-07-02,GODREJCP,BB Squeeze Breakout,1077.2,1161.48,1029.04,1100.6,2.17,Active,2,False,No recent bulk deals
2026-06-15,TITAN,BB Squeeze Breakout,4283.5,4664.09,4066.02,4484.4,4.69,Active,15,False,No recent bulk deals
2026-06-18,TITAN,EMA Crossover (20/50),4387.9,4740.56,4186.38,4484.4,2.2,Active,12,False,No recent bulk deals
2026-06-19,TITAN,EMA Crossover (20/50),4419.9,4767.79,4221.1,4484.4,1.46,Active,11,False,No recent bulk deals
2026-06-22,TITAN,EMA Crossover (20/50),4372.5,4712.27,4178.35,4484.4,2.56,Active,10,False,No recent bulk deals
2026-06-12,BOSCHLTD,BB Squeeze Breakout,39060.0,43057.37,36775.79,42125.0,7.85,Active,16,False,No recent bulk deals
2026-05-27,ADANIGREEN,BB Squeeze Breakout,1489.9,1682.32,1379.95,1525.4,2.38,Time Exit,20,False,No recent bulk deals
2026-06-03,FERMENTA,BB Squeeze Breakout,316.75,364.22,289.63,364.22,14.99,Target Hit,15,False,No recent bulk deals
2026-06-08,FERMENTA,EMA Crossover (20/50),343.85,397.55,313.17,397.55,15.62,Target Hit,19,False,No recent bulk deals
2026-06-09,FERMENTA,EMA Crossover (20/50),341.5,395.99,310.36,395.99,15.96,Target Hit,18,False,No recent bulk deals
2026-06-10,FERMENTA,EMA Crossover (20/50),327.95,385.12,295.28,385.12,17.43,Target Hit,17,False,No recent bulk deals
2026-06-25,BPCL,EMA Crossover (20/50),309.75,339.39,292.81,308.15,-0.52,Active,7,False,No recent bulk deals
2026-06-26,BPCL,EMA Crossover (20/50),309.75,337.28,294.02,308.15,-0.52,Active,6,False,No recent bulk deals
2026-06-29,BPCL,EMA Crossover (20/50),300.8,328.86,284.77,308.15,2.44,Active,5,False,No recent bulk deals
2026-07-02,BPCL,EMA Crossover (20/50),310.45,337.71,294.87,308.15,-0.74,Active,2,False,No recent bulk deals
2026-07-03,BPCL,EMA Crossover (20/50),308.15,335.19,292.7,308.15,0.0,Active,1,False,No recent bulk deals
2026-07-02,PCJEWELLER,BB Squeeze Breakout,9.85,11.03,9.18,9.46,-3.96,Active,2,False,No recent bulk deals
2026-07-03,PCJEWELLER,EMA Crossover (20/50),10.3,11.68,9.51,9.51,-7.66,Stop Loss Hit,1,True,"JUNOMONETA FINSOL PRIVATE LIMITED bought 47,731,972 shares @ ₹10.50"
2026-06-22,CONTROLPR,BB Squeeze Breakout,643.9,704.3,609.39,704.3,9.38,Target Hit,8,False,No recent bulk deals
2026-07-02,CONTROLPR,EMA Crossover (20/50),711.6,788.95,667.4,678.85,-4.6,Active,2,True,"BLITZQUANT RESEARCH LLP bought 141,789 shares @ ₹713.16 | GRT STRATEGIC VENTURES LLP bought 87,582 shares @ ₹711.49 | NK SECURITIES RESEARCH PRIVATE LIMITED bought 229,833 shares @ ₹711.70 | QE SECURITIES LLP bought 80,801 shares @ ₹712.95 | SILVERLEAF CAPITAL SERVICES PRIVATE LIMITED bought 85,999 shares @ ₹712.14"
2026-07-03,CONTROLPR,EMA Crossover (20/50),687.1,770.91,639.21,678.85,-1.2,Active,1,True,"BLITZQUANT RESEARCH LLP bought 141,789 shares @ ₹713.16 | GRT STRATEGIC VENTURES LLP bought 87,582 shares @ ₹711.49 | NK SECURITIES RESEARCH PRIVATE LIMITED bought 229,833 shares @ ₹711.70 | QE SECURITIES LLP bought 80,801 shares @ ₹712.95 | SILVERLEAF CAPITAL SERVICES PRIVATE LIMITED bought 85,999 shares @ ₹712.14"
2026-07-02,CLSL,BB Squeeze Breakout,46.55,50.24,44.44,46.0,-1.18,Active,2,True,"CHUNILAL SAMAJUBHAI VIROLIA bought 480,000 shares @ ₹42.97"
2026-05-26,ADANIPOWER,BB Squeeze Breakout,244.53,275.09,227.07,227.07,-7.14,Stop Loss Hit,9,False,No recent bulk deals
2026-05-15,AGIIL,BB Squeeze Breakout,419.15,501.84,371.9,371.9,-11.27,Stop Loss Hit,7,False,No recent bulk deals
2026-07-02,RHIM,BB Squeeze Breakout,403.2,471.91,363.93,384.65,-4.6,Active,2,True,"GRAVITON RESEARCH CAPITAL LLP bought 1,047,962 shares @ ₹420.34 | JUNOMONETA FINSOL PRIVATE LIMITED bought 1,982,288 shares @ ₹421.49 | MICROCURVES TRADING PRIVATE LIMITED bought 2,466,277 shares @ ₹422.37 | NK SECURITIES RESEARCH PRIVATE LIMITED bought 1,128,665 shares @ ₹424.57 | QE SECURITIES LLP bought 1,977,430 shares @ ₹424.31"
2026-07-03,ACC,BB Squeeze Breakout,1393.8,1483.15,1342.74,1397.1,0.24,Active,1,False,No recent bulk deals
2026-05-13,ASIANPAINT,BB Squeeze Breakout,2595.09,2828.41,2461.76,2691.75,3.72,Time Exit,20,False,No recent bulk deals
2026-05-27,ICICIGI,EMA Crossover (20/50),1843.6,1991.97,1758.81,1758.81,-4.6,Stop Loss Hit,2,False,No recent bulk deals
2026-05-28,ICICIGI,EMA Crossover (20/50),1843.6,1981.38,1764.87,1764.87,-4.27,Stop Loss Hit,1,False,No recent bulk deals
2026-05-29,ICICIGI,EMA Crossover (20/50),1792.2,1949.54,1702.29,1702.29,-5.02,Stop Loss Hit,10,False,No recent bulk deals
2026-06-25,ICICIGI,EMA Crossover (20/50),1813.6,1966.45,1726.26,1785.4,-1.55,Active,7,False,No recent bulk deals
2026-06-26,ICICIGI,EMA Crossover (20/50),1813.6,1955.53,1732.5,1785.4,-1.55,Active,6,False,No recent bulk deals
2026-06-29,ICICIGI,EMA Crossover (20/50),1768.1,1914.82,1684.26,1785.4,0.98,Active,5,False,No recent bulk deals
2026-05-14,TATACOMM,BB Squeeze Breakout,1641.18,1822.15,1537.76,1822.15,11.03,Target Hit,5,False,No recent bulk deals
2026-06-22,TATACOMM,BB Squeeze Breakout,2061.7,2334.5,1905.81,1905.81,-7.56,Stop Loss Hit,7,False,No recent bulk deals
2026-05-26,DJML,BB Squeeze Breakout,102.73,117.81,94.12,117.81,14.67,Target Hit,19,False,No recent bulk deals
2026-07-01,BHARATWIRE,EMA Crossover (20/50),215.51,248.51,196.65,218.85,1.55,Active,3,False,No recent bulk deals
2026-07-02,BHARATWIRE,EMA Crossover (20/50),213.44,246.51,194.54,218.85,2.53,Active,2,False,No recent bulk deals
2026-07-03,BHARATWIRE,EMA Crossover (20/50),212.12,244.16,193.81,218.85,3.17,Active,1,False,No recent bulk deals
2026-07-01,SIGNPOST,EMA Crossover (20/50),306.5,367.59,271.59,290.6,-5.19,Active,3,True,"ALPHAGREP SECURITIES PRIVATE LIMITED bought 299,747 shares @ ₹306.36 | JUNOMONETA FINSOL PRIVATE LIMITED bought 433,717 shares @ ₹306.79 | MICROCURVES TRADING PRIVATE LIMITED bought 606,005 shares @ ₹307.14 | NK SECURITIES RESEARCH PRIVATE LIMITED bought 624,405 shares @ ₹306.59 | QE SECURITIES LLP bought 441,208 shares @ ₹307.00"
2026-07-01,SIGNPOST,BB Squeeze Breakout,306.5,367.59,271.59,290.6,-5.19,Active,3,True,"ALPHAGREP SECURITIES PRIVATE LIMITED bought 299,747 shares @ ₹306.36 | JUNOMONETA FINSOL PRIVATE LIMITED bought 433,717 shares @ ₹306.79 | MICROCURVES TRADING PRIVATE LIMITED bought 606,005 shares @ ₹307.14 | NK SECURITIES RESEARCH PRIVATE LIMITED bought 624,405 shares @ ₹306.59 | QE SECURITIES LLP bought 441,208 shares @ ₹307.00"
2026-07-02,SIGNPOST,EMA Crossover (20/50),297.65,362.49,260.6,290.6,-2.37,Active,2,True,"ALPHAGREP SECURITIES PRIVATE LIMITED bought 299,747 shares @ ₹306.36 | JUNOMONETA FINSOL PRIVATE LIMITED bought 433,717 shares @ ₹306.79 | MICROCURVES TRADING PRIVATE LIMITED bought 606,005 shares @ ₹307.14 | NK SECURITIES RESEARCH PRIVATE LIMITED bought 624,405 shares @ ₹306.59 | QE SECURITIES LLP bought 441,208 shares @ ₹307.00 | HRTI PRIVATE LIMITED bought 313,870 shares @ ₹304.08 | JUNOMONETA FINSOL PRIVATE LIMITED bought 268,498 shares @ ₹305.07"
2026-07-03,SIGNPOST,EMA Crossover (20/50),299.7,362.54,263.79,290.6,-3.04,Active,1,True,"ALPHAGREP SECURITIES PRIVATE LIMITED bought 299,747 shares @ ₹306.36 | JUNOMONETA FINSOL PRIVATE LIMITED bought 433,717 shares @ ₹306.79 | MICROCURVES TRADING PRIVATE LIMITED bought 606,005 shares @ ₹307.14 | NK SECURITIES RESEARCH PRIVATE LIMITED bought 624,405 shares @ ₹306.59 | QE SECURITIES LLP bought 441,208 shares @ ₹307.00 | HRTI PRIVATE LIMITED bought 313,870 shares @ ₹304.08 | JUNOMONETA FINSOL PRIVATE LIMITED bought 268,498 shares @ ₹305.07"
2026-06-18,BEL,BB Squeeze Breakout,428.6,459.81,410.76,410.76,-4.16,Stop Loss Hit,5,False,No recent bulk deals
2026-06-02,INFY,BB Squeeze Breakout,1243.88,1358.66,1178.3,1178.3,-5.27,Stop Loss Hit,2,False,No recent bulk deals
2026-06-19,TRIDENT,EMA Crossover (20/50),25.93,28.23,24.61,26.25,1.23,Active,11,False,No recent bulk deals
2026-06-22,TRIDENT,EMA Crossover (20/50),26.13,28.37,24.85,26.25,0.46,Active,10,False,No recent bulk deals
2026-06-23,TRIDENT,EMA Crossover (20/50),25.68,27.9,24.41,26.25,2.22,Active,9,False,No recent bulk deals
2026-05-14,JSWSTEEL,BB Squeeze Breakout,1289.49,1387.0,1233.77,1274.98,-1.13,Time Exit,20,False,No recent bulk deals
2026-06-29,OMAXE,EMA Crossover (20/50),84.26,98.56,76.09,89.9,6.69,Active,5,False,No recent bulk deals
2026-06-30,OMAXE,EMA Crossover (20/50),80.85,96.72,71.78,89.9,11.19,Active,4,False,No recent bulk deals
2026-07-01,OMAXE,EMA Crossover (20/50),79.51,95.42,70.42,89.9,13.07,Active,3,False,No recent bulk deals
2026-05-11,IOLCP,BB Squeeze Breakout,108.77,124.64,99.7,124.64,14.59,Target Hit,8,False,No recent bulk deals
2026-06-29,IOLCP,BB Squeeze Breakout,142.33,166.7,128.41,144.46,1.5,Active,5,False,No recent bulk deals
2026-06-30,DIVGIITTS,BB Squeeze Breakout,987.55,1132.73,904.59,995.45,0.8,Active,4,False,No recent bulk deals
2026-06-12,LICHSGFIN,BB Squeeze Breakout,559.5,611.76,529.64,548.85,-1.9,Active,16,False,No recent bulk deals
2026-06-30,LICHSGFIN,BB Squeeze Breakout,564.0,607.62,539.07,548.85,-2.69,Active,4,False,No recent bulk deals
2026-06-17,HAL,EMA Crossover (20/50),4460.5,4855.7,4234.67,4440.6,-0.45,Active,13,False,No recent bulk deals
2026-06-18,HAL,EMA Crossover (20/50),4411.5,4801.97,4188.37,4440.6,0.66,Active,12,False,No recent bulk deals
2026-06-19,HAL,EMA Crossover (20/50),4408.1,4783.15,4193.78,4440.6,0.74,Active,11,False,No recent bulk deals
2026-06-22,HAL,BB Squeeze Breakout,4515.2,4899.09,4295.83,4295.83,-4.86,Stop Loss Hit,5,False,No recent bulk deals
2026-06-01,KSHITIJPOL,BB Squeeze Breakout,4.96,5.74,4.52,5.74,15.66,Target Hit,4,False,No recent bulk deals
2026-05-28,RAMCOSYS,EMA Crossover (20/50),461.25,532.12,420.75,532.12,15.36,Target Hit,6,False,No recent bulk deals
2026-05-29,RAMCOSYS,EMA Crossover (20/50),455.05,528.21,413.25,528.21,16.08,Target Hit,5,False,No recent bulk deals
2026-06-01,RAMCOSYS,EMA Crossover (20/50),447.05,520.18,405.26,520.18,16.36,Target Hit,4,False,No recent bulk deals
2026-05-22,ADFFOODS,BB Squeeze Breakout,283.25,334.0,254.25,306.85,8.33,Time Exit,20,False,No recent bulk deals
2026-06-10,NARMADA,BB Squeeze Breakout,43.56,50.46,39.62,39.62,-9.05,Stop Loss Hit,1,False,No recent bulk deals
2026-05-11,PIIND,EMA Crossover (20/50),3090.8,3360.08,2936.92,2936.92,-4.98,Stop Loss Hit,7,False,No recent bulk deals
2026-06-15,IKIO,BB Squeeze Breakout,162.37,186.19,148.76,186.19,14.67,Target Hit,14,False,No recent bulk deals
2026-05-11,DLF,EMA Crossover (20/50),590.25,647.51,557.53,557.53,-5.54,Stop Loss Hit,3,False,No recent bulk deals
2026-05-12,DLF,EMA Crossover (20/50),569.2,628.44,535.35,575.15,1.05,Time Exit,20,False,No recent bulk deals
2026-06-16,DLF,EMA Crossover (20/50),629.3,691.73,593.62,673.3,6.99,Active,14,False,No recent bulk deals
2026-06-17,DLF,EMA Crossover (20/50),623.55,685.41,588.2,673.3,7.98,Active,13,False,No recent bulk deals
2026-06-18,DLF,EMA Crossover (20/50),640.7,703.39,604.88,673.3,5.09,Active,12,False,No recent bulk deals
2026-05-11,DIGITIDE,EMA Crossover (20/50),103.51,121.61,93.17,93.17,-9.99,Stop Loss Hit,3,False,No recent bulk deals
2026-05-12,DIGITIDE,EMA Crossover (20/50),97.17,116.07,86.37,86.37,-11.11,Stop Loss Hit,5,False,No recent bulk deals
2026-05-13,DIGITIDE,EMA Crossover (20/50),95.26,114.43,84.3,84.3,-11.5,Stop Loss Hit,7,False,No recent bulk deals
2026-06-18,DIGITIDE,BB Squeeze Breakout,91.57,107.4,82.53,107.4,17.28,Target Hit,12,False,No recent bulk deals
2026-06-16,AARTECH,BB Squeeze Breakout,49.05,58.54,43.63,57.48,17.19,Active,14,False,No recent bulk deals
2026-06-19,AARTECH,EMA Crossover (20/50),50.25,59.58,44.92,57.48,14.39,Active,11,False,No recent bulk deals
2026-06-22,AARTECH,EMA Crossover (20/50),50.7,60.73,44.97,57.48,13.37,Active,10,False,No recent bulk deals
2026-06-23,AARTECH,EMA Crossover (20/50),50.95,60.82,45.31,57.48,12.82,Active,9,False,No recent bulk deals
2026-05-11,MARKOLINES,EMA Crossover (20/50),165.72,182.89,155.91,162.84,-1.74,Time Exit,20,False,No recent bulk deals
2026-05-12,MARKOLINES,EMA Crossover (20/50),160.55,178.58,150.25,166.54,3.73,Time Exit,20,False,No recent bulk deals
2026-06-09,COMSYN,BB Squeeze Breakout,161.89,173.91,155.02,155.02,-4.24,Stop Loss Hit,6,False,No recent bulk deals
2026-06-10,COMSYN,EMA Crossover (20/50),169.05,182.61,161.3,161.3,-4.58,Stop Loss Hit,4,False,No recent bulk deals
2026-06-11,COMSYN,EMA Crossover (20/50),169.38,183.58,161.27,161.27,-4.79,Stop Loss Hit,3,False,No recent bulk deals
2026-06-12,COMSYN,EMA Crossover (20/50),169.9,185.13,161.2,161.2,-5.12,Stop Loss Hit,2,False,No recent bulk deals
2026-06-05,VIPULLTD,BB Squeeze Breakout,9.58,11.4,8.54,11.4,18.96,Target Hit,11,False,No recent bulk deals
2026-06-23,VIPULLTD,EMA Crossover (20/50),11.25,13.77,9.81,13.77,22.4,Target Hit,5,False,No recent bulk deals
2026-06-24,VIPULLTD,EMA Crossover (20/50),12.37,14.99,10.87,14.99,21.18,Target Hit,6,False,No recent bulk deals
2026-06-25,VIPULLTD,EMA Crossover (20/50),12.98,15.7,11.43,15.7,20.92,Target Hit,6,False,No recent bulk deals
2026-07-02,GCSL,BB Squeeze Breakout,460.05,515.85,428.17,491.2,6.77,Active,2,True,"HRTI PRIVATE LIMITED bought 199,380 shares @ ₹450.87 | L7 HITECH PRIVATE LIMITED bought 248,926 shares @ ₹459.33 | MANSUKH SECURITIES & FINANCE LIMITED bought 200,655 shares @ ₹448.40 | RAVI AMIT JALAN bought 200,000 shares @ ₹450.75"
2026-07-03,AMBUJACEM,BB Squeeze Breakout,443.4,479.16,422.97,441.4,-0.45,Active,1,False,No recent bulk deals
2026-05-27,MANCREDIT,EMA Crossover (20/50),191.54,214.89,178.2,214.89,12.19,Target Hit,3,False,No recent bulk deals
2026-05-28,MANCREDIT,EMA Crossover (20/50),191.54,213.22,179.15,213.22,11.32,Target Hit,2,False,No recent bulk deals
2026-05-29,MANCREDIT,EMA Crossover (20/50),200.39,224.42,186.66,224.42,11.99,Target Hit,11,False,No recent bulk deals
2026-06-19,BHARTIARTL,BB Squeeze Breakout,1910.8,2038.44,1837.86,1837.86,-3.82,Stop Loss Hit,6,False,No recent bulk deals
2026-06-23,BHARTIARTL,EMA Crossover (20/50),1901.6,2024.86,1831.17,1925.7,1.27,Active,9,False,No recent bulk deals
2026-06-24,BHARTIARTL,EMA Crossover (20/50),1877.3,1998.93,1807.8,1925.7,2.58,Active,8,False,No recent bulk deals
2026-06-25,BHARTIARTL,EMA Crossover (20/50),1850.7,1973.89,1780.3,1925.7,4.05,Active,7,False,No recent bulk deals
2026-06-29,HDFCBANK,EMA Crossover (20/50),798.9,849.51,769.98,829.85,3.87,Active,5,False,No recent bulk deals
2026-06-30,HDFCBANK,EMA Crossover (20/50),797.95,848.28,769.19,829.85,4.0,Active,4,False,No recent bulk deals
2026-07-01,HDFCBANK,EMA Crossover (20/50),796.15,845.07,768.19,829.85,4.23,Active,3,False,No recent bulk deals
2026-07-01,SCPL,BB Squeeze Breakout,539.05,642.86,479.73,535.2,-0.71,Active,3,True,"UPMOVE FINANCIAL TECHNOLOGIES SERVICES bought 72,872 shares @ ₹532.68"
2026-06-16,TARSONS,BB Squeeze Breakout,238.73,279.74,215.29,279.74,17.18,Target Hit,1,False,No recent bulk deals
2026-05-11,PIDILITIND,EMA Crossover (20/50),1437.2,1562.98,1365.32,1459.8,1.57,Time Exit,20,False,No recent bulk deals
2026-05-12,PIDILITIND,EMA Crossover (20/50),1453.0,1582.9,1378.77,1481.8,1.98,Time Exit,20,False,No recent bulk deals
2026-05-13,PIDILITIND,EMA Crossover (20/50),1445.6,1574.64,1371.86,1506.5,4.21,Time Exit,20,False,No recent bulk deals
2026-06-10,PIDILITIND,BB Squeeze Breakout,1506.5,1614.52,1444.77,1614.52,7.17,Target Hit,11,False,No recent bulk deals
2026-06-12,PIDILITIND,BB Squeeze Breakout,1535.5,1646.76,1471.93,1616.9,5.3,Active,16,False,No recent bulk deals
2026-06-15,CAPITALSFB,BB Squeeze Breakout,285.09,314.7,268.17,291.75,2.34,Active,15,False,No recent bulk deals
2026-05-25,LICI,BB Squeeze Breakout,409.09,440.82,390.95,390.95,-4.43,Stop Loss Hit,6,False,No recent bulk deals
2026-05-26,LICI,EMA Crossover (20/50),417.66,449.92,399.23,399.23,-4.41,Stop Loss Hit,4,False,No recent bulk deals
2026-05-27,LICI,EMA Crossover (20/50),405.49,439.86,385.86,385.86,-4.84,Stop Loss Hit,8,False,No recent bulk deals
2026-05-28,LICI,EMA Crossover (20/50),405.49,437.41,387.26,387.26,-4.5,Stop Loss Hit,6,False,No recent bulk deals
2026-06-17,LICI,EMA Crossover (20/50),408.57,438.66,391.38,438.66,7.36,Target Hit,2,False,No recent bulk deals
2026-06-18,LICI,EMA Crossover (20/50),420.15,452.92,401.43,429.1,2.13,Active,12,False,No recent bulk deals
2026-06-19,LICI,EMA Crossover (20/50),430.07,465.43,409.86,429.1,-0.23,Active,11,False,No recent bulk deals
2026-06-12,AXISBANK,EMA Crossover (20/50),1356.3,1456.6,1298.99,1339.6,-1.23,Active,16,False,No recent bulk deals
2026-06-15,AXISBANK,EMA Crossover (20/50),1368.3,1466.86,1311.98,1339.6,-2.1,Active,15,False,No recent bulk deals
2026-06-16,AXISBANK,EMA Crossover (20/50),1365.7,1462.8,1310.22,1339.6,-1.91,Active,14,False,No recent bulk deals
2026-06-12,INDIGO,EMA Crossover (20/50),4709.7,5167.44,4448.13,5167.44,9.72,Target Hit,8,False,No recent bulk deals
2026-06-12,INDIGO,BB Squeeze Breakout,4709.7,5167.44,4448.13,5167.44,9.72,Target Hit,8,False,No recent bulk deals
2026-06-15,INDIGO,EMA Crossover (20/50),4880.4,5363.4,4604.4,5363.4,9.9,Target Hit,8,False,No recent bulk deals
2026-06-16,INDIGO,EMA Crossover (20/50),4840.0,5314.9,4568.63,5314.9,9.81,Target Hit,7,False,No recent bulk deals
2026-05-11,BAJAJHLDNG,EMA Crossover (20/50),10297.05,11281.95,9734.25,9734.25,-5.47,Stop Loss Hit,20,False,No recent bulk deals
2026-06-18,BAJAJHLDNG,EMA Crossover (20/50),10544.97,11493.98,10002.68,10819.0,2.6,Active,12,False,No recent bulk deals
2026-06-19,BAJAJHLDNG,EMA Crossover (20/50),10545.96,11491.88,10005.43,10819.0,2.59,Active,11,False,No recent bulk deals
2026-06-22,BAJAJHLDNG,EMA Crossover (20/50),10761.28,11704.33,10222.39,10819.0,0.54,Active,10,False,No recent bulk deals
2026-05-29,GOCOLORS,EMA Crossover (20/50),315.8,380.15,279.03,380.15,20.38,Target Hit,3,False,No recent bulk deals
2026-06-01,GOCOLORS,EMA Crossover (20/50),325.0,389.28,288.27,389.28,19.78,Target Hit,2,False,No recent bulk deals
2026-06-02,GOCOLORS,EMA Crossover (20/50),336.05,402.46,298.1,402.46,19.76,Target Hit,2,False,No recent bulk deals
2026-06-25,MAGSON,EMA Crossover (20/50),175.0,186.88,168.21,168.21,-3.88,Stop Loss Hit,2,False,No recent bulk deals
2026-06-26,MAGSON,EMA Crossover (20/50),175.0,186.04,168.69,168.69,-3.6,Stop Loss Hit,1,False,No recent bulk deals
2026-06-29,MAGSON,EMA Crossover (20/50),170.0,182.25,163.0,170.85,0.5,Active,5,False,No recent bulk deals
2026-06-12,KOTAKBANK,EMA Crossover (20/50),403.3,434.96,385.21,385.21,-4.49,Stop Loss Hit,16,False,No recent bulk deals
2026-06-15,KOTAKBANK,EMA Crossover (20/50),405.75,437.29,387.73,387.73,-4.44,Stop Loss Hit,15,False,No recent bulk deals
2026-06-16,KOTAKBANK,EMA Crossover (20/50),407.85,438.15,390.54,390.54,-4.25,Stop Loss Hit,10,False,No recent bulk deals
2026-05-12,BIOCON,EMA Crossover (20/50),401.97,442.02,379.08,415.85,3.45,Time Exit,20,False,No recent bulk deals
2026-05-13,BIOCON,EMA Crossover (20/50),417.1,458.73,393.31,414.1,-0.72,Time Exit,20,False,No recent bulk deals
2026-05-14,BIOCON,EMA Crossover (20/50),418.5,459.13,395.28,415.45,-0.73,Time Exit,20,False,No recent bulk deals
2026-07-03,BIOCON,BB Squeeze Breakout,426.8,459.76,407.96,424.3,-0.59,Active,1,False,No recent bulk deals
2026-06-01,TECHM,EMA Crossover (20/50),1504.11,1641.95,1425.35,1425.35,-5.24,Stop Loss Hit,3,False,No recent bulk deals
2026-06-01,TECHM,BB Squeeze Breakout,1504.11,1641.95,1425.35,1425.35,-5.24,Stop Loss Hit,3,False,No recent bulk deals
2026-06-02,TECHM,EMA Crossover (20/50),1531.6,1670.75,1452.08,1452.08,-5.19,Stop Loss Hit,1,False,No recent bulk deals
2026-06-03,TECHM,EMA Crossover (20/50),1435.01,1589.51,1346.72,1346.72,-6.15,Stop Loss Hit,12,False,No recent bulk deals
2026-06-01,PAISALO,BB Squeeze Breakout,52.86,60.41,48.55,60.41,14.28,Target Hit,5,False,No recent bulk deals
2026-07-01,PAISALO,BB Squeeze Breakout,70.84,79.61,65.83,72.04,1.69,Active,3,True,"PSL LIMITED bought 6,500,000 shares @ ₹66.73"
2026-07-02,KAUSHALYA,EMA Crossover (20/50),922.65,1045.8,852.28,1045.8,13.35,Target Hit,2,False,No recent bulk deals
2026-07-02,KAUSHALYA,BB Squeeze Breakout,922.65,1045.8,852.28,1045.8,13.35,Target Hit,2,False,No recent bulk deals
2026-07-03,KAUSHALYA,EMA Crossover (20/50),1006.85,1146.79,926.89,1146.79,13.9,Target Hit,1,False,No recent bulk deals
2026-05-25,BAJFINANCE,EMA Crossover (20/50),936.15,1020.12,888.16,888.16,-5.13,Stop Loss Hit,5,False,No recent bulk deals
2026-05-26,BAJFINANCE,EMA Crossover (20/50),924.52,1007.54,877.07,877.07,-5.13,Stop Loss Hit,5,False,No recent bulk deals
2026-05-27,BAJFINANCE,EMA Crossover (20/50),925.46,1005.77,879.57,879.57,-4.96,Stop Loss Hit,4,False,No recent bulk deals
2026-06-18,BAJFINANCE,EMA Crossover (20/50),952.99,1034.24,906.57,1034.24,8.53,Target Hit,11,False,No recent bulk deals
2026-06-19,BAJFINANCE,EMA Crossover (20/50),955.92,1035.95,910.19,1035.95,8.37,Target Hit,10,False,No recent bulk deals
2026-06-22,BAJFINANCE,EMA Crossover (20/50),962.38,1039.53,918.3,1039.53,8.02,Target Hit,9,False,No recent bulk deals
2026-06-04,ITDC,BB Squeeze Breakout,589.15,663.12,546.88,663.12,12.56,Target Hit,1,False,No recent bulk deals
